CREATE DATABASE INVENTORY_MANAGEMENT;

USE INVENTORY_MANAGEMENT;



CREATE TABLE E_STAFF (
    STAFF_ID INT PRIMARY KEY NOT NULL,
    FIRST_NAME VARCHAR(100) NOT NULL,
     POSITION VARCHAR(100) NOT NULL,
    EMAIL VARCHAR(100) NOT NULL,
    PHONE_NUMBER VARCHAR(15) NOT NULL
);

INSERT INTO E_STAFF VALUES(1,'Kingsley','John','Accountant','kingsleyjohn@gmail.com','070428973421');
INSERT INTO E_STAFF VALUES(2,'Olamide','Anderson','Cashier','Olaander@gmail.com','07042897345');
INSERT INTO E_STAFF VALUES(3,'Matthew','Jackson','Inventory Clerk','Mathjackson@gmail.com','08026738647');
INSERT INTO E_STAFF VALUES(4,'Michael','Ken','Auditor','miken@gmail.com','070428974321');
INSERT INTO E_STAFF VALUES(5,'Caleb','Gabriel','Manager','calgabriel@gmail.com','070428977843');
INSERT INTO E_STAFF VALUES(6,'Martins','Innocent','Cashier','martinsinn@gmail.com','070428973461');
INSERT INTO E_STAFF VALUES(7,'Favour','Bolaji','Cashier','favbol@gmail.com','070428973501');
INSERT INTO E_STAFF VALUES(8,'Kenneth','Jude','Inventory Clerk','kenjude@yahoo.com','070428973281');
INSERT INTO E_STAFF VALUES(9,'Joshua','Andrew','Inventory Clerk','joshand@yahoo.com','070428973231');
INSERT INTO E_STAFF VALUES(10,'Samuel','Opara','Accountant','samopara@gmail.com','090428973421');
INSERT INTO E_STAFF VALUES(11,'Ahmed','Wale','Accountant','ahmedwale@yahoo.com','080428973421');
INSERT INTO E_STAFF VALUES(12,'Ebuka','Edwin','cashier','ebuedwin@gmail.com','081428973421');
INSERT INTO E_STAFF VALUES(13,'Chinedu','Joseph','cashier','chinedjosh@gmail.com','081128973421');
INSERT INTO E_STAFF VALUES(14,'Chuks','Azeez','cashier','chuksazeez@gmail.com','091428973421');
INSERT INTO E_STAFF VALUES(15,'Taye','Moses','Customer Service Representative','mosestaye@yahoo.com','0915428973421');
INSERT INTO E_STAFF VALUES(16,'Azeez','Ahmed','Accountant','azeemed@gmail.com','07034797421');
INSERT INTO E_STAFF VALUES(17,'Joseph','Kenneth','Inventory Clerk','joshken@yahoo.com','0814428973421');
INSERT INTO E_STAFF VALUES(18,'Deborah','Emmanuel','Accountant','debbyemman@gmail.com','0813428973421');
INSERT INTO E_STAFF VALUES(19,'Catherine','David','Accountant','cathdavid@gmail.com','090429973421');
INSERT INTO E_STAFF VALUES(20,'Moses','Thompson','Inventory Clerk','thompmoses@gmail.com','07041293421');
INSERT INTO E_STAFF VALUES(21,'Emmanuel','Ezekiel','Customer Service Representative','emmaezekiel','070578973421');
INSERT INTO E_STAFF VALUES(22,'Kayode','Olamide','Accountant','kayola@gmail.com','070268973421');
INSERT INTO E_STAFF VALUES(23,'Ayo','Johnson','Inventory Clerk','ayoson@gmail.com','070423573421');
INSERT INTO E_STAFF VALUES(24,'David','Philip','Accountant','phildave@gmail.com','07009973421');
INSERT INTO E_STAFF VALUES(25,'Divine','Tunde','Customer Service Representative','divinetune@yahoo.com','09159973421');

SELECT * FROM E_STAFF;




CREATE TABLE ITEMS (
    ITEM_CODE INT PRIMARY KEY NOT NULL,
    ITEM_NAME VARCHAR(100) NOT NULL,
    CATEGORY_ID INT NOT NULL,
    QUANTITY INT NOT NULL,
    UNIT_PRICE INT NOT NULL
);
INSERT INTO ITEMS VALUES(1,'Cooking_Pot',001,2000,15000);
INSERT INTO ITEMS VALUES(2,'Cooking_Gas',002,1500,18000);
INSERT INTO ITEMS VALUES(3,'Stainless_spoon',003,50000,150);
INSERT INTO ITEMS VALUES(4,'Powerbank',004,3000,12000);
INSERT INTO ITEMS VALUES(5,'Iphone6_Screen',005,2100,1500);
INSERT INTO ITEMS VALUES(6,'Iphone15_Screen',006,2200,20000);
INSERT INTO ITEMS VALUES(7,'Infinix_Hot40',007,4000,40000);
INSERT INTO ITEMS VALUES(8,'Redmi_Note12',008,2400,15100);
INSERT INTO ITEMS VALUES(9,'Hisense_Tv',009,2300,15600);
INSERT INTO ITEMS VALUES(10,'LG_Tv',010,400,15900);
INSERT INTO ITEMS VALUES(11,'JBL_Speaker',011,500,12900);
INSERT INTO ITEMS VALUES(12,'Oraimo_Speaker',101,600,15880);
INSERT INTO ITEMS VALUES(13,'Motocycle',201,7600,220000);
INSERT INTO ITEMS VALUES(14,'Car',301,200,1050000);
INSERT INTO ITEMS VALUES(15,'Standing Fan',401,300,18900);
INSERT INTO ITEMS VALUES(16,'Hp_Laptop',402,3400,15450);
INSERT INTO ITEMS VALUES(17,'Adapter',403,750,2590);
INSERT INTO ITEMS VALUES(18,'Washine_machine',404,100,150000);
INSERT INTO ITEMS VALUES(19,'Hair_dryer',405,6000,7400);
INSERT INTO ITEMS VALUES(20,'Detergent',406,6200,2100);
INSERT INTO ITEMS VALUES(21,'Bathing_soap',407,4500,2250);
INSERT INTO ITEMS VALUES(22,'Phone_charger',408,2200,10200);
INSERT INTO ITEMS VALUES(23,'Phone_battery',501,800,12600);
INSERT INTO ITEMS VALUES(24,'Bulb',502,10000,1550);
select * from items




CREATE TABLE CUSTOMERS (
    CUSTOMER_ID INT PRIMARY KEY NOT NULL,
    CUSTOMER_NAME VARCHAR(150) NOT NULL
);
INSERT INTO CUSTOMERS (CUSTOMER_ID, CUSTOMER_NAME) VALUES
(1, 'Kingsley'),
(2, 'Olamide'),
(3, 'Samuel'),
(4, 'John'),
(5, 'Emmanuel'),
(6, 'Collins'),
(7, 'Jude'),
(8, 'Johnson'),
(9, 'Kingsley'),
(10, 'Azeez'),
(11, 'Cathe'),
(12, 'Ayomide'),
(13, 'Kendra'),
(14, 'Kelvin'),
(15, 'Asher'),
(16, 'Bolaji'),
(17, 'Emeka'),
(18, 'Goodnews'),
(19, 'Lawrence');

  select * from CUSTOMERS


CREATE TABLE TRANSACTIONS (
    TRANSACTION_ID INT PRIMARY KEY NOT NULL ,
    ITEM_CODE INT NOT NULL,
    QUANTITY INT NOT NULL,
    UNIT_PRICE INT NOT NULL,
    TOTAL_PRICE INT NOT NULL,
    STAFF_ID INT NOT NULL,
    CUSTOMER_ID INT NOT NULL,
    TRANSACTION_DATE DATE NOT NULL,
    FOREIGN KEY (ITEM_CODE) REFERENCES ITEMS(ITEM_CODE),
    FOREIGN KEY (STAFF_ID) REFERENCES E_STAFF(STAFF_ID),
    FOREIGN KEY (CUSTOMER_ID) REFERENCES CUSTOMERS(CUSTOMER_ID)
);
INSERT INTO TRANSACTIONS (TRANSACTION_ID, ITEM_CODE, QUANTITY, UNIT_PRICE, TOTAL_PRICE, STAFF_ID, CUSTOMER_ID, TRANSACTION_DATE) VALUES
(1,1, 4, 15000, 60000, 2, 1, '2024-06-16'),
(2,2, 10, 1500, 15000, 2, 2, '2024-06-16'),
(3, 3, 2, 12000, 24000, 2, 3, '2024-06-16'),
(4, 4, 2, 20000, 40000, 6, 1, '2024-06-17'),
(5, 5, 4, 15600, 62400, 7, 4, '2024-06-18'),
(6, 6, 2, 12900, 25800, 12, 5, '2024-06-18'),
(7, 7, 3, 18900, 56700, 13, 6, '2024-06-19'),
(8, 8, 2, 15450, 30900, 2, 7, '2024-06-19'),
(9, 9, 3, 150000, 450000, 6, 8, '2024-06-20'),
(10, 10, 10, 1550, 15500, 7, 1, '2024-06-20'),
(11, 11, 7, 2950, 20650, 2, 9, '2024-06-20'),
(12, 12, 2, 12600, 25200, 6, 10, '2024-06-21'),
(13, 13, 3, 7400, 22200, 13, 11, '2024-06-21'),
(14, 14, 4, 2250, 9000, 13, 12, '2024-06-21'),
(15, 15, 1, 1050000, 1050000, 6, 13, '2024-06-22'),
(16, 16, 2, 15100, 30200, 2, 14, '2024-06-23'),
(17, 17, 4, 15900, 63600, 6, 15, '2024-06-24'),
(18, 18, 3, 220000, 660000, 7, 16, '2024-06-25'),
(19, 19, 10, 15880, 158800, 13, 17, '2024-06-27'),
(20, 20, 10, 40000, 400000, 13, 18, '2024-06-27');
SELECT * FROM TRANSACTIONS;


CREATE TABLE SALES(
SALES_ID INT PRIMARY KEY NOT NULL,
ITEM_CODE INT  NOT NULL,
QUANTITY INT NOT NULL,
SALES_DATE VARCHAR(50)
FOREIGN KEY (ITEM_CODE) REFERENCES ITEMS(ITEM_CODE)
);
INSERT INTO SALES VALUES(1,1,4,'2024-06-16');
INSERT INTO SALES VALUES(2,2,2,'2024-06-16');
INSERT INTO SALES VALUES(3,3,10,'2024-06-16');
INSERT INTO SALES VALUES(4,4,2,'2024-06-17');
INSERT INTO SALES VALUES(5,5,10,'2024-06-27');
INSERT INTO SALES VALUES(6,6,2,'2024-06-23');
INSERT INTO SALES VALUES(7,7,4,'2024-06-18');
INSERT INTO SALES VALUES(8,8,4,'2024-06-24');
INSERT INTO SALES VALUES(9,9,2,'2024-06-18');
INSERT INTO SALES VALUES(10,10,10,'2024-06-27');
INSERT INTO SALES VALUES(11,11,3,'2024-06-25');
INSERT INTO SALES VALUES(12,12,1,'2024-06-22');
INSERT INTO SALES VALUES(13,13,3,'2024-06-19');
INSERT INTO SALES VALUES(14,14,2,'2024-06-19');
INSERT INTO SALES VALUES(15,15,7,'2024-06-20');
INSERT INTO SALES VALUES(16,16,3,'2024-06-20');
INSERT INTO SALES VALUES(17,17,3,'2024-06-16');
INSERT INTO SALES VALUES(18,18,4,'2024-06-16');
INSERT INTO SALES VALUES(19,19,2,'2024-06-16');
INSERT INTO SALES VALUES(20,20,10,'2024-06-16');

SELECT * FROM SALES

CREATE TABLE STOCKS (
    ITEM_CODE INT PRIMARY KEY NOT NULL,
    ITEM_NAME VARCHAR(150) NOT NULL,
    QUANTITY INT NOT NULL,
    FOREIGN KEY (ITEM_CODE) REFERENCES ITEMS(ITEM_CODE)
);
INSERT INTO STOCKS VALUES(1,'Cooking_Pot',500);
INSERT INTO STOCKS VALUES(2,'Cooking_Gas',1000);
INSERT INTO STOCKS VALUES(3,'Stainless_Spoon',2000);
INSERT INTO STOCKS VALUES(4,'Powerbank',1500);
INSERT INTO STOCKS VALUES(5,'Iphone6_Screen',500);
INSERT INTO STOCKS VALUES(6,'Iphone15_Screen',800);
INSERT INTO STOCKS VALUES(7,'Infinix_Hot40',900);
INSERT INTO STOCKS VALUES(8,'Redmi_Note12',500);
INSERT INTO STOCKS VALUES(9,'Hisense_Tv',600);
INSERT INTO STOCKS VALUES(10,'LG_Tv',550);
INSERT INTO STOCKS VALUES(11,'JBL_Speaker',20);
INSERT INTO STOCKS VALUES(12,'Oraimo_Speaker',34);
INSERT INTO STOCKS VALUES(13,'Motocycle',5000);
INSERT INTO STOCKS VALUES(14,'Car',50);
INSERT INTO STOCKS VALUES(15,'Standing Fan',20);
INSERT INTO STOCKS VALUES(16,'Hp_Laptop',2000);
INSERT INTO STOCKS VALUES(17,'Adapter',15);
INSERT INTO STOCKS VALUES(18,'Washing_machine',50);
INSERT INTO STOCKS VALUES(19,'Hair_dryer',500);
INSERT INTO STOCKS VALUES(20,'Detergent',700);
SELECT * FROM STOCKS

CREATE TABLE Suppliers (
    SUPPLIER_ID int PRIMARY KEY,
	item_code int,
    SUPPLIER_NAME VARCHAR(50),
    SUPPLIER_EMAIL VARCHAR(50),
    SUPPLIER_PHONE VARCHAR(15),
	FOREIGN KEY (item_code) REFERENCES ITEMS (item_code)
);

INSERT INTO Suppliers VALUES
(1,1, 'Tech Supplies', 'techsupplies@gmail.com', '09012345678'),
(2,2, 'Gadget World', 'gadgetworld@gmail.com', '09087654321'),
(3,3,'Hardware Hub', 'hardwarehub@gmail.com', '09011223344'),
(4,4, 'Device Depot', 'devicedepot@gmail.com', '09022334455'),
(5,5, 'Equip Supplies', 'equipsupplies@gmail.com', '09033445566'),
(6,6, 'Tech Supplies', 'techsupplies@gmail.com', '09012345678'),
(7,7, 'Gadget World', 'gadgetworld@gmail.com', '09087654321'),
(8,8, 'Hardware Hub', 'hardwarehub@gmail.com', '09011223344'),
(9,9, 'Device Depot', 'devicedepot@gmail.com', '09022334455'),
(10,10, 'Equip Supplies', 'equipsupplies@gmail.com', '09033445566'),
(11,11, 'Tech Supplies', 'techsupplies@gmail.com', '09012345678'),
(12,12, 'Gadget World', 'gadgetworld@gmail.com', '09087654321'),
(13,13,  'Hardware Hub', 'hardwarehub@gmail.com', '09011223344'),
(14,14,  'Device Depot', 'devicedepot@gmail.com', '09022334455'),
(15,15, 'Equip Supplies', 'equipsupplies@gmail.com', '09033445566'),
(16,16, 'Tech Supplies', 'techsupplies@gmail.com', '09012345678'),
(17,17, 'Gadget World', 'gadgetworld@gmail.com', '09087654321'),
(18,18, 'Hardware Hub', 'hardwarehub@gmail.com', '09011223344'),
(19,19, 'Device Depot', 'devicedepot@gmail.com', '09022334455'),
(20,20, 'Equip Supplies', 'equipsupplies@gmail.com', '09033445566');

SELECT * FROM Suppliers;


SELECT * FROM TRANSACTIONS
SELECT * FROM E_STAFF
SELECT * FROM CUSTOMERS
SELECT * FROM STOCKS
SELECT * FROM SALES
SELECT * FROM ITEMS
SELECT * FROM Suppliers


select * from ITEMS where QUANTITY = 5000;

SELECT * FROM Suppliers JOIN ITEMS 





